"fn","date","shelter.no"
"cache/driGrass/gcc_driGrass_10.rds",2020-03-03,"10"
"cache/driGrass/gcc_driGrass_12.rds",2020-03-08,"12"
"cache/driGrass/gcc_driGrass_13.rds",2019-11-16,"13"
"cache/driGrass/gcc_driGrass_19.rds",2020-03-21,"19"
"cache/driGrass/gcc_driGrass_20.rds",2020-03-08,"20"
"cache/driGrass/gcc_driGrass_23.rds",2020-03-07,"23"
"cache/driGrass/gcc_driGrass_26.rds",2020-03-13,"26"
"cache/driGrass/gcc_driGrass_28.rds",2020-03-23,"28"
"cache/driGrass/gcc_driGrass_31.rds",2020-02-25,"31"
"cache/driGrass/gcc_driGrass_35.rds",2020-03-16,"35"
"cache/driGrass/gcc_driGrass_38.rds",2020-02-29,"38"
"cache/driGrass/gcc_driGrass_4.rds",2020-03-11,"4"
"cache/driGrass/gcc_driGrass_44.rds",2020-02-28,"44"
"cache/driGrass/gcc_driGrass_50.rds",2020-03-03,"50"
"cache/driGrass/gcc_driGrass_54.rds",2020-03-23,"54"
"cache/driGrass/gcc_driGrass_55.rds",2020-02-03,"55"
"cache/driGrass/gcc_driGrass_6.rds",2020-03-06,"6"
"cache/driGrass/gcc_driGrass_60.rds",2020-03-27,"60"
"cache/driGrass/gcc_driGrass_8.rds",2020-03-15,"8"
